[{"model": "admin.logentry", "pk": 1, "fields": {"action_time": "2023-10-19T18:14:13.976Z", "user": 1, "content_type": 10, "object_id": "1", "object_repr": "Crew object (1)", "action_flag": 1, "change_message": "[{\"added\": {}}]"}}, {"model": "admin.logentry", "pk": 2, "fields": {"action_time": "2023-10-19T18:14:26.813Z", "user": 1, "content_type": 10, "object_id": "2", "object_repr": "Crew object (2)", "action_flag": 1, "change_message": "[{\"added\": {}}]"}}, {"model": "admin.logentry", "pk": 3, "fields": {"action_time": "2023-10-19T18:14:47.068Z", "user": 1, "content_type": 10, "object_id": "3", "object_repr": "Crew object (3)", "action_flag": 1, "change_message": "[{\"added\": {}}]"}}, {"model": "admin.logentry", "pk": 4, "fields": {"action_time": "2023-10-19T18:25:33.039Z", "user": 1, "content_type": 8, "object_id": "1", "object_repr": "AirplaneType object (1)", "action_flag": 1, "change_message": "[{\"added\": {}}]"}}, {"model": "admin.logentry", "pk": 5, "fields": {"action_time": "2023-10-19T18:25:35.221Z", "user": 1, "content_type": 8, "object_id": "2", "object_repr": "AirplaneType object (2)", "action_flag": 1, "change_message": "[{\"added\": {}}]"}}, {"model": "admin.logentry", "pk": 6, "fields": {"action_time": "2023-10-19T18:25:40.684Z", "user": 1, "content_type": 8, "object_id": "3", "object_repr": "AirplaneType object (3)", "action_flag": 1, "change_message": "[{\"added\": {}}]"}}, {"model": "admin.logentry", "pk": 7, "fields": {"action_time": "2023-10-19T18:25:45.464Z", "user": 1, "content_type": 8, "object_id": "4", "object_repr": "AirplaneType object (4)", "action_flag": 1, "change_message": "[{\"added\": {}}]"}}, {"model": "admin.logentry", "pk": 8, "fields": {"action_time": "2023-10-19T18:25:50.508Z", "user": 1, "content_type": 8, "object_id": "5", "object_repr": "AirplaneType object (5)", "action_flag": 1, "change_message": "[{\"added\": {}}]"}}, {"model": "admin.logentry", "pk": 9, "fields": {"action_time": "2023-10-19T18:25:56.587Z", "user": 1, "content_type": 8, "object_id": "6", "object_repr": "AirplaneType object (6)", "action_flag": 1, "change_message": "[{\"added\": {}}]"}}, {"model": "admin.logentry", "pk": 10, "fields": {"action_time": "2023-10-19T18:26:03.129Z", "user": 1, "content_type": 8, "object_id": "7", "object_repr": "AirplaneType object (7)", "action_flag": 1, "change_message": "[{\"added\": {}}]"}}, {"model": "admin.logentry", "pk": 11, "fields": {"action_time": "2023-10-19T18:26:09.104Z", "user": 1, "content_type": 8, "object_id": "8", "object_repr": "AirplaneType object (8)", "action_flag": 1, "change_message": "[{\"added\": {}}]"}}, {"model": "admin.logentry", "pk": 12, "fields": {"action_time": "2023-10-19T18:26:23.421Z", "user": 1, "content_type": 8, "object_id": "9", "object_repr": "AirplaneType object (9)", "action_flag": 1, "change_message": "[{\"added\": {}}]"}}, {"model": "admin.logentry", "pk": 13, "fields": {"action_time": "2023-10-19T18:26:28.889Z", "user": 1, "content_type": 8, "object_id": "10", "object_repr": "AirplaneType object (10)", "action_flag": 1, "change_message": "[{\"added\": {}}]"}}, {"model": "admin.logentry", "pk": 14, "fields": {"action_time": "2023-10-19T18:28:54.500Z", "user": 1, "content_type": 7, "object_id": "10", "object_repr": "Airplane object (10)", "action_flag": 2, "change_message": "[{\"changed\": {\"fields\": [\"Airplane type\"]}}]"}}, {"model": "admin.logentry", "pk": 15, "fields": {"action_time": "2023-10-19T18:29:02.217Z", "user": 1, "content_type": 7, "object_id": "1", "object_repr": "Airplane object (1)", "action_flag": 2, "change_message": "[{\"changed\": {\"fields\": [\"Airplane type\"]}}]"}}, {"model": "admin.logentry", "pk": 16, "fields": {"action_time": "2023-10-19T18:29:06.618Z", "user": 1, "content_type": 7, "object_id": "3", "object_repr": "Airplane object (3)", "action_flag": 2, "change_message": "[{\"changed\": {\"fields\": [\"Airplane type\"]}}]"}}, {"model": "admin.logentry", "pk": 17, "fields": {"action_time": "2023-10-19T18:29:11.896Z", "user": 1, "content_type": 7, "object_id": "5", "object_repr": "Airplane object (5)", "action_flag": 2, "change_message": "[{\"changed\": {\"fields\": [\"Airplane type\"]}}]"}}, {"model": "admin.logentry", "pk": 18, "fields": {"action_time": "2023-10-19T18:29:15.790Z", "user": 1, "content_type": 7, "object_id": "6", "object_repr": "Airplane object (6)", "action_flag": 2, "change_message": "[{\"changed\": {\"fields\": [\"Airplane type\"]}}]"}}, {"model": "admin.logentry", "pk": 19, "fields": {"action_time": "2023-10-19T18:29:19.244Z", "user": 1, "content_type": 7, "object_id": "8", "object_repr": "Airplane object (8)", "action_flag": 2, "change_message": "[{\"changed\": {\"fields\": [\"Airplane type\"]}}]"}}, {"model": "admin.logentry", "pk": 20, "fields": {"action_time": "2023-10-19T18:29:23.106Z", "user": 1, "content_type": 7, "object_id": "9", "object_repr": "Airplane object (9)", "action_flag": 2, "change_message": "[{\"changed\": {\"fields\": [\"Airplane type\"]}}]"}}, {"model": "admin.logentry", "pk": 21, "fields": {"action_time": "2023-10-19T18:29:26.686Z", "user": 1, "content_type": 7, "object_id": "10", "object_repr": "Airplane object (10)", "action_flag": 2, "change_message": "[{\"changed\": {\"fields\": [\"Airplane type\"]}}]"}}, {"model": "admin.logentry", "pk": 22, "fields": {"action_time": "2023-10-19T18:32:28.547Z", "user": 1, "content_type": 14, "object_id": "1", "object_repr": "Route object (1)", "action_flag": 1, "change_message": "[{\"added\": {}}]"}}, {"model": "admin.logentry", "pk": 23, "fields": {"action_time": "2023-10-19T18:32:35.485Z", "user": 1, "content_type": 14, "object_id": "2", "object_repr": "Route object (2)", "action_flag": 1, "change_message": "[{\"added\": {}}]"}}, {"model": "admin.logentry", "pk": 24, "fields": {"action_time": "2023-10-19T18:32:41.707Z", "user": 1, "content_type": 14, "object_id": "3", "object_repr": "Route object (3)", "action_flag": 1, "change_message": "[{\"added\": {}}]"}}, {"model": "admin.logentry", "pk": 25, "fields": {"action_time": "2023-10-19T18:32:49.208Z", "user": 1, "content_type": 14, "object_id": "4", "object_repr": "Route object (4)", "action_flag": 1, "change_message": "[{\"added\": {}}]"}}, {"model": "admin.logentry", "pk": 26, "fields": {"action_time": "2023-10-19T18:32:58.338Z", "user": 1, "content_type": 14, "object_id": "5", "object_repr": "Route object (5)", "action_flag": 1, "change_message": "[{\"added\": {}}]"}}, {"model": "admin.logentry", "pk": 27, "fields": {"action_time": "2023-10-19T18:33:04.788Z", "user": 1, "content_type": 14, "object_id": "6", "object_repr": "Route object (6)", "action_flag": 1, "change_message": "[{\"added\": {}}]"}}, {"model": "admin.logentry", "pk": 28, "fields": {"action_time": "2023-10-19T18:39:55.527Z", "user": 1, "content_type": 11, "object_id": "1", "object_repr": "Flight object (1)", "action_flag": 1, "change_message": "[{\"added\": {}}]"}}, {"model": "admin.logentry", "pk": 29, "fields": {"action_time": "2023-10-19T18:40:09.887Z", "user": 1, "content_type": 11, "object_id": "2", "object_repr": "Flight object (2)", "action_flag": 1, "change_message": "[{\"added\": {}}]"}}, {"model": "admin.logentry", "pk": 30, "fields": {"action_time": "2023-10-19T18:40:29.468Z", "user": 1, "content_type": 11, "object_id": "3", "object_repr": "Flight object (3)", "action_flag": 1, "change_message": "[{\"added\": {}}]"}}, {"model": "auth.permission", "pk": 1, "fields": {"name": "Can add log entry", "content_type": 1, "codename": "add_logentry"}}, {"model": "auth.permission", "pk": 2, "fields": {"name": "Can change log entry", "content_type": 1, "codename": "change_logentry"}}, {"model": "auth.permission", "pk": 3, "fields": {"name": "Can delete log entry", "content_type": 1, "codename": "delete_logentry"}}, {"model": "auth.permission", "pk": 4, "fields": {"name": "Can view log entry", "content_type": 1, "codename": "view_logentry"}}, {"model": "auth.permission", "pk": 5, "fields": {"name": "Can add permission", "content_type": 2, "codename": "add_permission"}}, {"model": "auth.permission", "pk": 6, "fields": {"name": "Can change permission", "content_type": 2, "codename": "change_permission"}}, {"model": "auth.permission", "pk": 7, "fields": {"name": "Can delete permission", "content_type": 2, "codename": "delete_permission"}}, {"model": "auth.permission", "pk": 8, "fields": {"name": "Can view permission", "content_type": 2, "codename": "view_permission"}}, {"model": "auth.permission", "pk": 9, "fields": {"name": "Can add group", "content_type": 3, "codename": "add_group"}}, {"model": "auth.permission", "pk": 10, "fields": {"name": "Can change group", "content_type": 3, "codename": "change_group"}}, {"model": "auth.permission", "pk": 11, "fields": {"name": "Can delete group", "content_type": 3, "codename": "delete_group"}}, {"model": "auth.permission", "pk": 12, "fields": {"name": "Can view group", "content_type": 3, "codename": "view_group"}}, {"model": "auth.permission", "pk": 13, "fields": {"name": "Can add content type", "content_type": 4, "codename": "add_contenttype"}}, {"model": "auth.permission", "pk": 14, "fields": {"name": "Can change content type", "content_type": 4, "codename": "change_contenttype"}}, {"model": "auth.permission", "pk": 15, "fields": {"name": "Can delete content type", "content_type": 4, "codename": "delete_contenttype"}}, {"model": "auth.permission", "pk": 16, "fields": {"name": "Can view content type", "content_type": 4, "codename": "view_contenttype"}}, {"model": "auth.permission", "pk": 17, "fields": {"name": "Can add session", "content_type": 5, "codename": "add_session"}}, {"model": "auth.permission", "pk": 18, "fields": {"name": "Can change session", "content_type": 5, "codename": "change_session"}}, {"model": "auth.permission", "pk": 19, "fields": {"name": "Can delete session", "content_type": 5, "codename": "delete_session"}}, {"model": "auth.permission", "pk": 20, "fields": {"name": "Can view session", "content_type": 5, "codename": "view_session"}}, {"model": "auth.permission", "pk": 21, "fields": {"name": "Can add user", "content_type": 6, "codename": "add_user"}}, {"model": "auth.permission", "pk": 22, "fields": {"name": "Can change user", "content_type": 6, "codename": "change_user"}}, {"model": "auth.permission", "pk": 23, "fields": {"name": "Can delete user", "content_type": 6, "codename": "delete_user"}}, {"model": "auth.permission", "pk": 24, "fields": {"name": "Can view user", "content_type": 6, "codename": "view_user"}}, {"model": "auth.permission", "pk": 25, "fields": {"name": "Can add airplane", "content_type": 7, "codename": "add_airplane"}}, {"model": "auth.permission", "pk": 26, "fields": {"name": "Can change airplane", "content_type": 7, "codename": "change_airplane"}}, {"model": "auth.permission", "pk": 27, "fields": {"name": "Can delete airplane", "content_type": 7, "codename": "delete_airplane"}}, {"model": "auth.permission", "pk": 28, "fields": {"name": "Can view airplane", "content_type": 7, "codename": "view_airplane"}}, {"model": "auth.permission", "pk": 29, "fields": {"name": "Can add airplane type", "content_type": 8, "codename": "add_airplanetype"}}, {"model": "auth.permission", "pk": 30, "fields": {"name": "Can change airplane type", "content_type": 8, "codename": "change_airplanetype"}}, {"model": "auth.permission", "pk": 31, "fields": {"name": "Can delete airplane type", "content_type": 8, "codename": "delete_airplanetype"}}, {"model": "auth.permission", "pk": 32, "fields": {"name": "Can view airplane type", "content_type": 8, "codename": "view_airplanetype"}}, {"model": "auth.permission", "pk": 33, "fields": {"name": "Can add airport", "content_type": 9, "codename": "add_airport"}}, {"model": "auth.permission", "pk": 34, "fields": {"name": "Can change airport", "content_type": 9, "codename": "change_airport"}}, {"model": "auth.permission", "pk": 35, "fields": {"name": "Can delete airport", "content_type": 9, "codename": "delete_airport"}}, {"model": "auth.permission", "pk": 36, "fields": {"name": "Can view airport", "content_type": 9, "codename": "view_airport"}}, {"model": "auth.permission", "pk": 37, "fields": {"name": "Can add crew", "content_type": 10, "codename": "add_crew"}}, {"model": "auth.permission", "pk": 38, "fields": {"name": "Can change crew", "content_type": 10, "codename": "change_crew"}}, {"model": "auth.permission", "pk": 39, "fields": {"name": "Can delete crew", "content_type": 10, "codename": "delete_crew"}}, {"model": "auth.permission", "pk": 40, "fields": {"name": "Can view crew", "content_type": 10, "codename": "view_crew"}}, {"model": "auth.permission", "pk": 41, "fields": {"name": "Can add flight", "content_type": 11, "codename": "add_flight"}}, {"model": "auth.permission", "pk": 42, "fields": {"name": "Can change flight", "content_type": 11, "codename": "change_flight"}}, {"model": "auth.permission", "pk": 43, "fields": {"name": "Can delete flight", "content_type": 11, "codename": "delete_flight"}}, {"model": "auth.permission", "pk": 44, "fields": {"name": "Can view flight", "content_type": 11, "codename": "view_flight"}}, {"model": "auth.permission", "pk": 45, "fields": {"name": "Can add order", "content_type": 12, "codename": "add_order"}}, {"model": "auth.permission", "pk": 46, "fields": {"name": "Can change order", "content_type": 12, "codename": "change_order"}}, {"model": "auth.permission", "pk": 47, "fields": {"name": "Can delete order", "content_type": 12, "codename": "delete_order"}}, {"model": "auth.permission", "pk": 48, "fields": {"name": "Can view order", "content_type": 12, "codename": "view_order"}}, {"model": "auth.permission", "pk": 49, "fields": {"name": "Can add ticket", "content_type": 13, "codename": "add_ticket"}}, {"model": "auth.permission", "pk": 50, "fields": {"name": "Can change ticket", "content_type": 13, "codename": "change_ticket"}}, {"model": "auth.permission", "pk": 51, "fields": {"name": "Can delete ticket", "content_type": 13, "codename": "delete_ticket"}}, {"model": "auth.permission", "pk": 52, "fields": {"name": "Can view ticket", "content_type": 13, "codename": "view_ticket"}}, {"model": "auth.permission", "pk": 53, "fields": {"name": "Can add route", "content_type": 14, "codename": "add_route"}}, {"model": "auth.permission", "pk": 54, "fields": {"name": "Can change route", "content_type": 14, "codename": "change_route"}}, {"model": "auth.permission", "pk": 55, "fields": {"name": "Can delete route", "content_type": 14, "codename": "delete_route"}}, {"model": "auth.permission", "pk": 56, "fields": {"name": "Can view route", "content_type": 14, "codename": "view_route"}}, {"model": "contenttypes.contenttype", "pk": 1, "fields": {"app_label": "admin", "model": "logentry"}}, {"model": "contenttypes.contenttype", "pk": 2, "fields": {"app_label": "auth", "model": "permission"}}, {"model": "contenttypes.contenttype", "pk": 3, "fields": {"app_label": "auth", "model": "group"}}, {"model": "contenttypes.contenttype", "pk": 4, "fields": {"app_label": "contenttypes", "model": "contenttype"}}, {"model": "contenttypes.contenttype", "pk": 5, "fields": {"app_label": "sessions", "model": "session"}}, {"model": "contenttypes.contenttype", "pk": 6, "fields": {"app_label": "user", "model": "user"}}, {"model": "contenttypes.contenttype", "pk": 7, "fields": {"app_label": "airport", "model": "airplane"}}, {"model": "contenttypes.contenttype", "pk": 8, "fields": {"app_label": "airport", "model": "airplanetype"}}, {"model": "contenttypes.contenttype", "pk": 9, "fields": {"app_label": "airport", "model": "airport"}}, {"model": "contenttypes.contenttype", "pk": 10, "fields": {"app_label": "airport", "model": "crew"}}, {"model": "contenttypes.contenttype", "pk": 11, "fields": {"app_label": "airport", "model": "flight"}}, {"model": "contenttypes.contenttype", "pk": 12, "fields": {"app_label": "airport", "model": "order"}}, {"model": "contenttypes.contenttype", "pk": 13, "fields": {"app_label": "airport", "model": "ticket"}}, {"model": "contenttypes.contenttype", "pk": 14, "fields": {"app_label": "airport", "model": "route"}}, {"model": "sessions.session", "pk": "3tpsekdp9xyq3j4u0z8qljdlp4s1fx43", "fields": {"session_data": ".eJxVjEEOwiAQRe_C2hCGUsq4dO8ZyEyHStVAUtqV8e7apAvd_vfef6lI25rj1tISZ1FnBer0uzGNj1R2IHcqt6rHWtZlZr0r-qBNX6uk5-Vw_w4ytfytnU8MSEiGOWCPQgzBUBfEeYvJEpsJGL3v-oASxMIgaYTJWO8G40C9P-TGN3E:1qtXMk:FvhcCC8_5HJsx62nD83GEMu7JK20qn7xXEp2gOc_k_g", "expire_date": "2023-11-02T18:03:26.949Z"}}, {"model": "user.user", "pk": 1, "fields": {"password": "pbkdf2_sha256$600000$lA2QxiW4AzFKn4adCqgWeh$IyA8F9OfL6uEYUjIUBUYPdx4DaYDIM9RqAMsl/QSrk8=", "last_login": "2023-10-19T18:03:26.900Z", "is_superuser": true, "first_name": "", "last_name": "", "is_staff": true, "is_active": true, "date_joined": "2023-10-19T18:03:09.486Z", "email": "admin@admin.com", "groups": [], "user_permissions": []}}, {"model": "user.user", "pk": 2, "fields": {"password": "pbkdf2_sha256$600000$l1erEEjiJqJ1mHkrq9L4vw$HxJ8bz/NiU8nTB1KTvuNRTIOTj0cz3pH4WLsAqnazXo=", "last_login": null, "is_superuser": false, "first_name": "", "last_name": "", "is_staff": false, "is_active": true, "date_joined": "2023-10-20T10:49:01.772Z", "email": "test@test.com", "groups": [], "user_permissions": []}}, {"model": "airport.airport", "pk": 1, "fields": {"name": "Airport A", "closest_big_city": "City A"}}, {"model": "airport.airport", "pk": 2, "fields": {"name": "Airport B", "closest_big_city": "City B"}}, {"model": "airport.airport", "pk": 3, "fields": {"name": "Airport C", "closest_big_city": "City C"}}, {"model": "airport.airport", "pk": 4, "fields": {"name": "Airport D", "closest_big_city": "City D"}}, {"model": "airport.airport", "pk": 5, "fields": {"name": "Airport E", "closest_big_city": "City E"}}, {"model": "airport.airport", "pk": 6, "fields": {"name": "Airport F", "closest_big_city": "City F"}}, {"model": "airport.airport", "pk": 7, "fields": {"name": "Airport G", "closest_big_city": "City G"}}, {"model": "airport.airport", "pk": 8, "fields": {"name": "Airport H", "closest_big_city": "City H"}}, {"model": "airport.airport", "pk": 9, "fields": {"name": "Airport I", "closest_big_city": "City I"}}, {"model": "airport.airport", "pk": 10, "fields": {"name": "Airport J", "closest_big_city": "City J"}}, {"model": "airport.route", "pk": 1, "fields": {"source": 1, "destination": 2, "distance": 100}}, {"model": "airport.route", "pk": 2, "fields": {"source": 2, "destination": 3, "distance": 120}}, {"model": "airport.route", "pk": 3, "fields": {"source": 3, "destination": 4, "distance": 111}}, {"model": "airport.route", "pk": 4, "fields": {"source": 5, "destination": 6, "distance": 134}}, {"model": "airport.route", "pk": 5, "fields": {"source": 7, "destination": 8, "distance": 345}}, {"model": "airport.route", "pk": 6, "fields": {"source": 9, "destination": 10, "distance": 122}}, {"model": "airport.airplanetype", "pk": 1, "fields": {"name": "Boeing 737"}}, {"model": "airport.airplanetype", "pk": 2, "fields": {"name": "Airbus A320"}}, {"model": "airport.airplanetype", "pk": 3, "fields": {"name": "Boeing 777"}}, {"model": "airport.airplanetype", "pk": 4, "fields": {"name": "Boeing 787"}}, {"model": "airport.airplanetype", "pk": 5, "fields": {"name": "Airbus A330"}}, {"model": "airport.airplanetype", "pk": 6, "fields": {"name": "Boeing 747"}}, {"model": "airport.airplanetype", "pk": 7, "fields": {"name": "Embraer E-Jet Series"}}, {"model": "airport.airplanetype", "pk": 8, "fields": {"name": "Bombardier CRJ Series"}}, {"model": "airport.airplanetype", "pk": 9, "fields": {"name": "McDonnell Douglas MD-80"}}, {"model": "airport.airplanetype", "pk": 10, "fields": {"name": "ATR 72"}}, {"model": "airport.airplane", "pk": 1, "fields": {"name": "Airplane 1", "rows": 30, "seats_in_row": 6, "airplane_type": 3}}, {"model": "airport.airplane", "pk": 2, "fields": {"name": "Airplane 2", "rows": 28, "seats_in_row": 7, "airplane_type": 1}}, {"model": "airport.airplane", "pk": 3, "fields": {"name": "Airplane 3", "rows": 32, "seats_in_row": 5, "airplane_type": 4}}, {"model": "airport.airplane", "pk": 4, "fields": {"name": "Airplane 4", "rows": 26, "seats_in_row": 8, "airplane_type": 1}}, {"model": "airport.airplane", "pk": 5, "fields": {"name": "Airplane 5", "rows": 30, "seats_in_row": 6, "airplane_type": 5}}, {"model": "airport.airplane", "pk": 6, "fields": {"name": "Airplane 6", "rows": 28, "seats_in_row": 7, "airplane_type": 7}}, {"model": "airport.airplane", "pk": 7, "fields": {"name": "Airplane 7", "rows": 32, "seats_in_row": 5, "airplane_type": 1}}, {"model": "airport.airplane", "pk": 8, "fields": {"name": "Airplane 8", "rows": 26, "seats_in_row": 8, "airplane_type": 8}}, {"model": "airport.airplane", "pk": 9, "fields": {"name": "Airplane 9", "rows": 30, "seats_in_row": 6, "airplane_type": 9}}, {"model": "airport.airplane", "pk": 10, "fields": {"name": "Airplane 10", "rows": 28, "seats_in_row": 7, "airplane_type": 10}}, {"model": "airport.crew", "pk": 1, "fields": {"first_name": "John", "last_name": "Doe"}}, {"model": "airport.crew", "pk": 2, "fields": {"first_name": "Jane", "last_name": "Docker"}}, {"model": "airport.crew", "pk": 3, "fields": {"first_name": "Bill", "last_name": "Clinton"}}, {"model": "airport.flight", "pk": 1, "fields": {"route": 3, "airplane": 7, "departure_time": "2023-10-19T18:39:49Z", "arrival_time": "2023-10-20T18:39:51Z", "crew": [2, 3]}}, {"model": "airport.flight", "pk": 2, "fields": {"route": 6, "airplane": 9, "departure_time": "2023-10-21T18:40:01Z", "arrival_time": "2023-10-22T18:40:03Z", "crew": [3]}}, {"model": "airport.flight", "pk": 3, "fields": {"route": 2, "airplane": 6, "departure_time": "2023-10-23T18:40:16Z", "arrival_time": "2023-10-24T18:40:17Z", "crew": [1, 3]}}, {"model": "airport.order", "pk": 1, "fields": {"created_at": "2023-10-20T10:05:05.550Z", "user": 1}}, {"model": "airport.order", "pk": 2, "fields": {"created_at": "2023-10-20T10:52:42.673Z", "user": 2}}, {"model": "airport.ticket", "pk": 1, "fields": {"row": 1, "seat": 1, "flight": 1, "order": 1}}, {"model": "airport.ticket", "pk": 2, "fields": {"row": 1, "seat": 2, "flight": 1, "order": 2}}]